id,name,birth_date,nationality,position,overall,age,season
71532,Kees Smit,2006-01-20,Países Bajos,"MC,MCD,MCO",75,20,2026
261299,Alex Scott,2003-08-21,Inglaterra,"MC,MCD,MCO",81,22,2026
252552,Konstantinos Tzolakis,2002-11-08,Grecia,POR,79,23,2026
73885,Charalampos Kostoulas,2007-05-30,Grecia,DC,73,19,2026
257400,Yasin Ayari,2003-10-06,Suecia,"MCD,MC",79,22,2026
247090,Enzo Fernández,2001-01-17,Argentina,"MC,MCD,MCO",86,25,2026
251852,Karim Adeyemi,2002-01-18,Alemania,"MD,EI,MCO,ED,MI,DC",82,24,2026
270077,Konstantinos Koulierakis,2003-11-28,Grecia,DFC,76,22,2026
82333,Shaqueel van Persie,2006-11-16,Países Bajos,"DC,ED,MD",65,19,2026
228702,Frenkie de Jong,1997-05-12,Países Bajos,"MC,MCD,MCO",86,29,2026
235790,Kai Havertz,1999-06-11,Alemania,"DC,MCO,MC",81,27,2026
251854,Pedro González López,2002-11-25,España,"MC,MCD,MCO",90,23,2026
258966,Andrea Cambiaso,2000-02-20,Italia,"LI,LD,MI,MD",80,26,2026
271114,Dennis Seimen,2005-12-01,Alemania,POR,72,20,2026
233096,Denzel Dumfries,1996-04-18,Países Bajos,"LD,MD",83,30,2026
239085,Erling Haaland,2000-07-21,Noruega,DC,91,25,2026
246104,Ryan Gravenberch,2002-05-16,Países Bajos,"MCD,MC",85,24,2026
248243,Eduardo Camavinga,2002-11-10,Francia,"MC,MCD,LI",81,23,2026
255185,Yuito Suzuki,2001-10-25,Japón,"MCO,DC",77,24,2026
273651,Jarell Quansah,2003-01-29,Inglaterra,"DFC,LD",77,23,2026
278780,Finn Jeltsch,2006-07-17,Alemania,DFC,75,19,2026
75087,Ayden Heaven,2006-09-22,Inglaterra,DFC,75,19,2026
80652,Brian Madjo,2009-01-12,Inglaterra,DC,65,17,2026
242516,Cody Gakpo,1999-05-07,Países Bajos,"MI,DC,EI",82,27,2026
244176,Deniz Undav,1996-07-19,Alemania,"DC,MCO",85,29,2026
248465,Ian Maatsen,2002-03-10,Países Bajos,"LI,MI",79,24,2026
269701,Nathaniel Brown,2003-06-16,Alemania,"LI,MI",81,23,2026
272978,Jorrel Hato,2006-03-07,Países Bajos,"LI,DFC,MI,MCD",78,20,2026
222665,Martin Ødegaard,1998-12-17,Noruega,"MC,MCO",86,27,2026
225863,Olivier Boscagli,1997-11-18,Francia,DFC,78,28,2026
231677,Marcus Rashford,1997-10-31,Inglaterra,"EI,MI,DC",82,28,2026
234579,Julián Quiñones,1997-03-24,México,"DC,EI,MCO,MI",84,29,2026
235152,Ferdi Kadıoğlu,1999-10-07,Turquía,"LI,LD,MC",80,26,2026
237678,Ibrahima Konaté,1999-05-25,Francia,DFC,84,27,2026
239837,Alexis Mac Allister,1998-12-24,Argentina,"MC,MCD",84,27,2026
242641,Rayan Aït-Nouri,2001-06-06,Argelia,"LI,MI",81,25,2026
247246,Khéphren Thuram,2001-03-26,Francia,"MC,MCD",81,25,2026
254243,Elliot Anderson,2002-11-06,Inglaterra,"MCD,MC",84,23,2026
254796,Noni Madueke,2002-03-10,Inglaterra,"ED,MD",80,24,2026
256196,Willian Pacho,2001-10-16,Ecuador,DFC,89,24,2026
258437,Emanuel Emegha,2003-02-03,Países Bajos,DC,78,23,2026
259750,Igor Matanović,2003-03-31,Croacia,DC,77,23,2026
262221,Luciano Valente,2003-10-04,Países Bajos,"MC,MCO,EI,MCD,MI",77,22,2026
262265,Matthieu Epolo,2005-01-15,R.D. del Congo,POR,75,21,2026
264453,Micky van de Ven,2001-04-19,Países Bajos,"DFC,LI",81,25,2026
265693,Jakub Kiwior,2000-02-15,Polonia,"DFC,LI",82,26,2026
266433,Anton Kade,2004-01-17,Alemania,"MD,MI,MCO,ED,EI,DC",76,22,2026
269292,Gianluca Prestianni,2006-01-31,Argentina,"ED,MD,MCO,DC",75,20,2026
271032,Matte Smets,2004-01-04,Bélgica,DFC,76,22,2026
271417,Yaimar Medina,2004-11-05,Ecuador,"LI,EI,MI",70,21,2026
271574,Rico Lewis,2004-11-21,Inglaterra,"LD,LI,MC,MCD",77,21,2026
271800,Yankuba Minteh,2004-07-22,Gambia,"MD,MI,ED,EI",80,21,2026
271807,Ethan Nwaneri,2007-03-21,Inglaterra,"ED,MCO,MD,MC",75,19,2026
275291,Niccolò Pisilli,2004-09-23,Italia,"MC,MCO",74,21,2026
276633,Nobel Mendy,2004-09-03,Senegal,"DFC,LI",75,21,2026
206517,Jack Grealish,1995-09-10,Inglaterra,"MI,EI",82,30,2026
263205,Barış Alper Yılmaz,2000-05-23,Turquía,"MI,MD,DC,EI,ED,MCO",80,26,2026
274830,Michał Gurgul,2006-01-30,Polonia,"LI,MI",70,20,2026
276969,Leon Avdullahu,2004-02-23,Kosovo,"MCD,MC",79,22,2026
278124,Shea Lacey,2007-04-14,Inglaterra,"MD,ED",65,19,2026
78049,Abubacarr Sedi Kinteh,2006-11-30,Gambia,DFC,71,19,2026
192119,Thibaut Courtois,1992-05-11,Bélgica,POR,90,34,2026
240130,Éder Gabriel Militão,1998-01-18,Brasil,DFC,84,28,2026
205452,Antonio Rüdiger,1993-03-03,Alemania,DFC,83,33,2026
248695,Wesley Fofana,2000-12-17,Francia,DFC,79,25,2026
258378,Mika Godts,2005-06-07,Bélgica,"EI,MI",78,21,2026
257186,Ardon Jashari,2002-07-30,Suiza,"MCD,MC",76,23,2026
73078,Kaishū Sano,2000-12-30,Japón,"MCD,MC",81,25,2026
239053,Federico Valverde,1998-07-22,Uruguay,"MC,LD,MD,MCD,ED",87,27,2026
264652,Bradley Barcola,2002-09-02,Francia,"EI,ED,MI,MD",85,23,2026
74554,Carlos Ruiz Rubio,2004-08-24,España,DC,76,21,2026
177003,Luka Modrić,1985-09-09,Croacia,"MC,MCD,MCO",85,40,2026
240225,Matvey Safonov,1999-02-25,Rusia,POR,83,27,2026
268312,Saël Kumbedi,2005-03-26,Francia,"LD,MD",75,21,2026
273537,Kobe Corbanie,2005-05-10,Bélgica,"LD,MCD,MC",67,21,2026
268913,Alessandro Circati,2003-10-10,Australia,DFC,74,22,2026
278228,Elias Baum,2005-10-26,Alemania,"LD,MD",71,20,2026
279015,Victor Froholdt,2006-02-25,Dinamarca,"MC,MCD,MCO",82,20,2026
278237,Davide Bartesaghi,2005-12-29,Italia,"LI,MI",74,20,2026
279202,Francesco Camarda,2008-03-10,Italia,DC,66,18,2026
268421,Mathys Tel,2005-04-27,Francia,"MI,EI,DC,MCO",78,21,2026
264309,Arda Güler,2005-02-25,Turquía,"MD,MC,MCO,ED,MCD",83,21,2026
240638,Tijjani Reijnders,1998-07-29,Países Bajos,"MC,MCD,MCO",84,27,2026
225375,Konrad Laimer,1997-05-27,Austria,"LD,LI,MCD,MD",85,29,2026
232488,Cristian Romero,1998-04-27,Argentina,DFC,82,28,2026
263370,Valentín Barco,2004-07-23,Argentina,"MC,MCD",79,21,2026
235794,Eberechi Eze,1998-06-29,Inglaterra,"MCO,EI,MC,MI",84,28,2026
238074,Reece James,1999-12-08,Inglaterra,"LD,MCD,MC",84,26,2026
243702,Djed Spence,2000-08-09,Inglaterra,"LI,LD",80,25,2026
256079,Moisés Caicedo,2001-11-02,Ecuador,"MCD,MC",86,24,2026
76042,Víctor Muñoz Villanueva,2003-07-13,España,"MI,EI,ED,MD",79,22,2026
216460,José María Giménez,1995-01-20,Uruguay,DFC,82,31,2026
238744,Weston McKennie,1998-08-28,EE.UU.,"MC,MCO,MD,ED",80,27,2026
275048,Chemsdine Talbi,2005-05-09,Marruecos,"MD,MI,ED,EI",77,21,2026
251470,Charles De Ketelaere,2001-03-10,Bélgica,"MCO,ED,DC,MD",81,25,2026
233959,Sebastián Villa,1996-05-19,Colombia,"DC,MI,EI,MCO",77,30,2026
250959,Angelo Stiller,2001-04-04,Alemania,"MCD,MC",83,25,2026
268896,Hugo Larsson,2004-06-27,Suecia,"MC,MCD",77,22,2026
77152,Sean Steur,2008-01-11,Países Bajos,"MC,MCD,MCO",72,18,2026
261987,Antonio Blanco Conde,2000-07-23,España,"MCD,MC",78,25,2026
241637,Aurélien Tchouaméni,2000-01-27,Francia,"MCD,MC,DFC",84,26,2026
246147,Mason Greenwood,2001-10-01,Inglaterra,"MD,MCO,ED,DC",83,24,2026
237692,Phil Foden,2000-05-28,Inglaterra,"MCO,MC,ED,MD",84,26,2026
245367,Xavi Simons,2003-04-21,Países Bajos,"MCO,MI,EI,DC",81,23,2026
273128,Rafiu Durosinmi,2003-01-01,Nigeria,DC,74,23,2026
278349,Dean Huijsen,2005-04-14,España,DFC,81,21,2026
224422,Jérémie Boga,1997-01-03,Costa de Marfil,"MCO,MI,DC,EI",78,29,2026
253149,Jeremie Frimpong,2000-12-10,Países Bajos,"LD,MD,ED",81,25,2026
266236,Arijon Ibrahimović,2005-12-11,Alemania,"MI,MD,MCO,EI,ED,MC",75,20,2026
240507,Angel Gomes,2000-08-31,Inglaterra,"MCO,MCD,MC",75,25,2026
243630,Jonathan David,2000-01-14,Canadá,DC,80,26,2026
213345,Kingsley Coman,1996-06-13,Francia,"MD,MI,ED,EI",83,30,2026
226268,Federico Dimarco,1997-11-10,Italia,"LI,MI",86,28,2026
86106,Hamza Abdelkarim,2008-01-01,Egipto,DC,65,18,2026
267861,Santiago Castro,2004-09-18,Argentina,DC,77,21,2026
264862,Maghnes Akliouche,2002-02-25,Francia,"MCO,ED,MC,MD",81,24,2026
241236,Antoine Semenyo,2000-01-07,Ghana,"ED,EI,MD,MI",85,26,2026
263765,Tom Bischof,2005-06-28,Alemania,"MC,MCD,LI",79,21,2026
277327,Francesco Pio Esposito,2005-06-28,Italia,DC,77,21,2026
264701,Arsen Zakharyan,2003-05-26,Rusia,"MD,MC,MI,ED,MCD,EI",73,23,2026
73355,Başar Önal,2004-07-06,Turquía,"MI,MD,EI,ED",74,21,2026
251479,Maxim De Cuyper,2000-12-22,Bélgica,"LI,MI",78,25,2026
264492,Yeremay Hernández Cubas,2002-12-10,España,"MI,DC,MCO,EI",77,23,2026
265600,Roony Bardghji,2005-11-15,Suecia,"ED,MD",74,20,2026
270208,Archie Gray,2006-03-12,Inglaterra,"MCD,DFC,LD,MC,MD",77,20,2026
253109,Joey Veerman,1998-11-19,Países Bajos,"MC,MCD,MCO",82,27,2026
275324,Assane Diao,2005-09-07,Senegal,"MD,MI,ED,EI",76,20,2026
264188,Taichi Fukui,2004-07-15,Japón,"MC,MCO,MCD",72,21,2026
234396,Alphonso Davies,2000-11-02,Canadá,"LI,MI",82,25,2026
235805,Federico Chiesa,1997-10-25,Italia,"MD,DC,ED",80,28,2026
251804,Sergiño Dest,2000-11-03,EE.UU.,"LD,LI,MD,MI",79,25,2026
251810,Brian Brobbey,2002-02-01,Países Bajos,DC,78,24,2026
227796,Christian Pulisic,1998-09-18,EE.UU.,"MCO,ED,MD,DC",83,27,2026
243580,Loïs Openda,2000-02-16,Bélgica,"DC,MCO",80,26,2026
260926,Kevin Schade,2001-11-27,Alemania,"MI,DC,EI",79,24,2026
274915,El Hadji Malick Diouf,2004-12-28,Senegal,LI,78,21,2026
277869,Michael Kayode,2004-07-10,Italia,"LD,MD",81,21,2026
262118,Tino Livramento,2002-11-12,Inglaterra,"LD,LI,MD,MI",81,23,2026
265578,Ilias Akhomach,2004-04-16,Marruecos,"ED,MD",75,22,2026
276216,Ezechiel Banzuzi,2005-02-16,R.D. del Congo,"MC,MCD,MCO",73,21,2026
75754,Oskar Pietuszewski,2008-05-20,Polonia,"MI,EI,MD,ED",74,18,2026
262863,Antonio Nusa,2005-04-17,Noruega,"EI,MI,MCO,MC",78,21,2026
241096,Sandro Tonali,2000-05-08,Italia,"MCD,MC",85,26,2026
231410,Brahim Díaz,1999-08-03,Marruecos,"MD,MI,DC,ED,EI,MCO",81,26,2026
262842,Martin Baturina,2003-02-16,Croacia,"MCO,MI,MC,EI",79,23,2026
78012,Yan Diomande,2006-11-14,Costa de Marfil,"ED,EI,MD,MI",84,19,2026
257345,Amar Dedić,2002-08-18,Bosnia-Herz.,LD,76,23,2026
272723,Lautaro Di Lollo,2004-03-10,Argentina,DFC,76,22,2026
275353,Zakaria El Ouahdi,2001-12-31,Marruecos,"LD,MD,MC,ED",78,24,2026
258601,Mamadou Sangaré,2002-06-26,Malí,"MC,MCD",81,24,2026
72159,Mikey Moore,2007-08-11,Inglaterra,"EI,MI,MCO,MC",74,18,2026
256790,Jamal Musiala,2003-02-26,Alemania,"MCO,MI,EI",87,23,2026
230621,Gianluigi Donnarumma,1999-02-25,Italia,POR,89,27,2026
240679,Teun Koopmeiners,1998-02-28,Países Bajos,"MCO,MCD,DFC,MC",78,28,2026
259480,Ismael Saibari,2001-01-28,Marruecos,"MCO,MC,DC,MCD",83,25,2026
259583,Destiny Udogie,2002-11-28,Italia,"LI,MI",79,23,2026
257534,Cole Palmer,2002-05-06,Inglaterra,"MCO,MD,MC,ED",85,24,2026
254262,Zeno Debast,2003-10-24,Bélgica,"DFC,MCD,MC",78,22,2026
254840,Strahinja Pavlović,2001-05-24,Serbia,DFC,78,25,2026
268737,Sverre Nypan,2006-12-19,Noruega,"MC,MCO,DC",69,19,2026
278318,Aleksandar Stanković,2005-08-03,Serbia,"MCD,MC",76,20,2026
241084,Luis Díaz,1997-01-13,Colombia,"MI,EI,DC",88,29,2026
264421,Thierry Small,2004-08-01,Inglaterra,"LI,LD,MD,MI",70,21,2026
278773,Myles Lewis-Skelly,2006-09-26,Inglaterra,"LI,MCD,MC",78,19,2026
270579,Wilson Odobert,2004-11-28,Francia,"MI,EI,MD,ED",78,21,2026
83748,Samuele Inácio,2008-04-02,Italia,"MCO,DC",70,18,2026
167495,Manuel Neuer,1986-03-27,Alemania,POR,81,40,2026
85083,Jivayno Zinhagel,2009-04-18,Países Bajos,"EI,MI",59,17,2026
264220,Youri Baas,2003-03-17,Países Bajos,"DFC,LI,MC",78,23,2026
275522,Lennon Miller,2006-08-25,Escocia,"MC,MCD",70,19,2026
272894,Kévin Danois,2004-06-28,Francia,"MC,MCD",76,22,2026
253072,Darwin Núñez,1999-06-24,Uruguay,"DC,EI,MI",77,27,2026
75533,Kerim Alajbegović,2007-09-21,Bosnia-Herz.,"MCO,MI,EI,DC",71,18,2026
278399,Gonzalo García Torres,2004-03-24,España,DC,75,22,2026
246430,Dušan Vlahović,2000-01-28,Serbia,DC,81,26,2026
275298,Aleksandar Pavlović,2004-05-03,Alemania,"MCD,MC",83,22,2026
207439,Leandro Paredes,1994-06-29,Argentina,"MC,MCD",81,32,2026
274559,Kendry Páez,2007-05-04,Ecuador,"MCO,MD,DC,MC,ED",74,19,2026
228413,Emil Audero,1997-01-18,Indonesia,POR,79,29,2026
243245,Orkun Kökçü,2000-12-29,Turquía,"MC,MCD,MCO",82,25,2026
245155,Mohammed Kudus,2000-08-02,Ghana,"MD,ED,DC,MCO",81,25,2026
251517,Joško Gvardiol,2002-01-23,Croacia,"DFC,LI",85,24,2026
74133,Jaydee Canvot,2006-07-29,Francia,DFC,76,19,2026
265577,Fisnik Asllani,2002-08-08,Kosovo,"DC,MCO",79,23,2026
257919,Rocco Reitz,2002-05-29,Alemania,"MC,MCD",77,24,2026
251421,Brennan Johnson,2001-05-23,Gales,"ED,MD,EI,MI",78,25,2026
71351,Jorthy Mokio,2008-02-29,R.D. del Congo,"MCD,MC,LI",71,18,2026
262105,Julien Duranville,2006-05-05,Bélgica,"MD,MI,EI,ED",72,20,2026
277031,Abdukodir Khusanov,2004-02-29,Uzbekistán,DFC,82,22,2026
248165,Andrei Rațiu,1998-06-20,Rumanía,"LD,MD,ED",80,28,2026
274288,Oscar Gloukh,2004-04-01,Israel,"MCO,EI,MC,MI",77,22,2026
80820,Mohamed Alì Zoma,2003-12-16,Italia,"DC,EI,MI,MCO",72,22,2026
228813,Aleix García Serrano,1997-06-28,España,"MC,MCD,MCO",84,29,2026
232411,Christopher Nkunku,1997-11-14,Francia,"DC,MCO",80,28,2026
259399,Rasmus Højlund,2003-02-04,Dinamarca,DC,78,23,2026
202126,Harry Kane,1993-07-28,Inglaterra,DC,90,32,2026
229558,Dayot Upamecano,1998-10-27,Francia,DFC,87,27,2026
256630,Florian Wirtz,2003-05-03,Alemania,"MCO,MI,MC,EI",86,23,2026
71651,Josh Acheampong,2006-05-05,Inglaterra,"DFC,LD",75,20,2026
277689,Conrad Harder,2005-04-07,Dinamarca,DC,75,21,2026
270531,Ousmane Diomande,2003-12-04,Costa de Marfil,DFC,81,22,2026
242964,Anthony Gordon,2001-02-24,Inglaterra,"EI,DC,MI",82,25,2026
74184,Adin Ličina,2007-01-06,Alemania,"MD,ED",64,19,2026
230869,Unai Simón Mendibil,1997-06-11,España,POR,85,29,2026
265390,Youri Regeer,2003-08-18,Países Bajos,"MCD,MC,LD,DFC,MD",73,22,2026
271384,Dion Drena Beljo,2002-03-01,Croacia,DC,78,24,2026
273748,Joaquín Panichelli,2002-10-07,Argentina,DC,79,23,2026
271918,Robin Risser,2004-12-02,Francia,POR,81,21,2026
73865,Cavan Sullivan,2009-09-28,EE.UU.,"MD,MI,ED,EI",67,16,2026
77376,Bartosz Mazurek,2007-01-03,Polonia,"MC,MCD,MCO",67,19,2026
80025,Oumar Camara,2007-05-11,Francia,"MD,DC,MI,ED",70,19,2026
76125,Colby Donovan,2006-09-07,Escocia,"LD,DFC,MD",68,19,2026
70004,Senny Mayulu,2006-05-17,Francia,"MC,DC,MCD,MCO",79,20,2026
252495,Jakub Kamiński,2002-06-05,Polonia,"MI,MCO,MD,LI,MC,LD",77,24,2026
224841,Kevin Diks,1996-10-06,Indonesia,"DFC,LI,LD,MC",77,29,2026
77415,Ruud Nijstad,2008-01-17,Países Bajos,DFC,70,18,2026
252793,Taylor Harwood-Bellis,2002-01-30,Inglaterra,DFC,75,24,2026
279836,Álvaro Montoro,2007-04-17,Argentina,"MI,MCO,EI,MC",75,19,2026
188545,Robert Lewandowski,1988-08-21,Polonia,DC,84,37,2026
231478,Lautaro Martínez,1997-08-22,Argentina,DC,87,28,2026
259197,Nicolas Jackson,2001-06-20,Senegal,DC,79,25,2026
74483,Honest Ahanor,2008-02-23,Italia,DFC,74,18,2026
243715,William Saliba,2001-03-24,Francia,DFC,88,25,2026
270633,Ryan Flamingo,2002-12-31,Países Bajos,DFC,76,23,2026
216393,Youri Tielemans,1997-05-07,Bélgica,"MC,MCD,MCO",85,29,2026
271573,Mattia Zanotti,2003-01-11,Italia,"LD,MD,ED",74,23,2026
278661,Yarek Gąsiorowski,2005-01-12,España,"DFC,LI",77,21,2026
275592,Ruben van Bommel,2004-08-03,Países Bajos,"EI,MI",74,21,2026
253061,Brian Rodríguez,2000-05-20,Uruguay,"EI,DC,MI,MCO",77,26,2026
278587,Deniz Gül,2004-07-02,Turquía,DC,72,21,2026
81427,Kacper Potulski,2007-10-19,Polonia,DFC,71,18,2026
251954,Crysencio Summerville,2001-10-30,Países Bajos,"MI,ED,EI,MD",78,24,2026
266436,Javier Guerra Moreno,2003-05-13,España,"MC,MCD,MCO",77,23,2026
241736,Yann Aurel Bisseck,2000-11-29,Alemania,DFC,78,25,2026
203376,Virgil van Dijk,1991-07-08,Países Bajos,DFC,88,34,2026
254022,Nick Woltemade,2002-02-14,Alemania,"DC,MCO",80,24,2026
197445,David Alaba,1992-06-24,Austria,DFC,80,34,2026
273599,Harry Amass,2007-03-16,Inglaterra,"LI,MI,MC,EI",69,19,2026
199503,Granit Xhaka,1992-09-27,Suiza,"MCD,MC",85,33,2026
192985,Kevin De Bruyne,1991-06-28,Bélgica,"MCO,MC",85,35,2026
224221,Joachim Andersen,1996-05-31,Dinamarca,DFC,79,30,2026
276493,Santiago Mouriño,2002-02-13,Uruguay,"LD,DFC",78,24,2026
71418,Bazoumana Touré,2006-03-02,Costa de Marfil,"EI,MI,MCO,MC",78,20,2026
257711,Riccardo Calafiori,2002-05-19,Italia,"LI,DFC,MC",82,24,2026
273827,Gustavo Puerta,2003-07-23,Colombia,"MCD,MC",74,22,2026
260697,Isak Hien,1999-01-13,Suecia,DFC,79,27,2026
261176,José Manuel López,2000-12-06,Argentina,DC,79,25,2026
263339,Carl Rushworth,2001-07-02,Inglaterra,POR,76,24,2026
233731,Alexander Isak,1999-09-21,Suecia,DC,86,26,2026
251377,Rodrigo Zalazar,1999-08-12,Uruguay,"MCO,MC,ED",82,26,2026
258490,Chadi Riad,2003-06-17,Marruecos,DFC,74,23,2026
82789,Abdellah Ouazane,2009-01-15,Marruecos,"MCO,EI,MC,MI",66,17,2026
239810,Nicolas Raskin,2001-02-23,Bélgica,"MCD,MC",79,25,2026
276528,Claudio Echeverri,2006-01-02,Argentina,"MCO,DC",73,20,2026
202556,Memphis Depay,1994-02-13,Países Bajos,"DC,EI,MCO,MI",80,32,2026
259716,Daniel Svensson,2002-02-12,Suecia,"LI,MI,EI",79,24,2026
81320,Noah Fernandez,2008-01-09,Bélgica,"MCO,LI,MC,MCD",67,18,2026
237383,Alessandro Bastoni,1999-04-13,Italia,DFC,86,27,2026
247819,Nico Schlotterbeck,1999-12-01,Alemania,DFC,87,26,2026
265695,Matías Soulé,2003-04-15,Argentina,"MCO,DC",80,23,2026
276695,Shea Charles,2003-11-05,Irlanda del Norte,"MCD,MC",73,22,2026
244778,Francisco Trincão,1999-12-29,Portugal,"MCO,MD,ED,MC",83,26,2026
275137,Valentin Atangana,2005-08-25,Francia,"MCD,MC",75,20,2026
212622,Joshua Kimmich,1995-02-08,Alemania,"MCD,MC,LD",88,31,2026
188350,Marco Reus,1989-05-31,Alemania,"MCO,MC,MCD",78,37,2026
73884,Christos Mouzakitis,2006-12-25,Grecia,"MC,MCO,MCD",73,19,2026
238067,Nicolò Zaniolo,1999-07-02,Italia,"DC,MCO",76,26,2026
209331,Mohamed Salah,1992-06-15,Egipto,"MD,ED,MCO,DC",87,34,2026
261108,Antoni Kozubal,2004-08-18,Polonia,"MC,MCD,DFC",72,21,2026
270517,Diego Luna,2003-09-07,EE.UU.,"MI,MCO,EI,DC",74,22,2026
251752,Lucas Chevalier,2001-11-06,Francia,POR,80,24,2026
278901,Ayyoub Bouaddi,2007-10-02,Marruecos,"MCD,MC",80,18,2026
79587,Louis Page,2008-10-24,Inglaterra,"MC,MCO,MCD",64,17,2026
233260,Alexis Vega,1997-11-25,México,"EI,DC,MI,MCO",77,28,2026
81539,Divine Mukasa,2007-08-22,Inglaterra,"MCO,MC",69,18,2026
275138,Lamine Camara,2004-01-01,Senegal,"MC,MCD",80,22,2026
272346,Rokas Pukštas,2004-08-25,EE.UU.,"MC,MCO,MCD",74,21,2026
257504,Bilal El Khannouss,2004-05-10,Marruecos,"MCO,MI,MD,MC,EI",78,22,2026
278340,Pietro Comuzzo,2005-02-20,Italia,DFC,75,21,2026
273459,Chris Rigg,2007-06-18,Inglaterra,"MCO,MD,MC",74,19,2026
277483,Gjivai Zechiël,2004-06-01,Países Bajos,"MC,MCD,DFC",74,22,2026
274616,Semih Kılıçsoy,2005-08-15,Turquía,"DC,MCO",73,20,2026
206113,Serge Gnabry,1995-07-14,Alemania,"MCO,MI,DC,EI",83,30,2026
279173,Franco Mastantuono,2007-08-14,Argentina,"MD,ED,MCO",77,18,2026
235212,Achraf Hakimi,1998-11-04,Marruecos,"LD,MD",88,27,2026
274246,Lewis Miley,2006-05-01,Inglaterra,"MC,LD,MCD,MD",77,20,2026
271940,Martial Godo,2003-03-14,Costa de Marfil,"MI,EI",76,23,2026
264194,Jens Castrop,2003-07-29,República de Corea,"MI,LD,MC,LI,MD",75,22,2026
263798,Robin Roefs,2003-01-17,Países Bajos,POR,81,23,2026
270409,Sávio Moreira de Oliveira,2004-04-10,Brasil,"ED,EI,MD,MI",80,22,2026
277797,Marcos Leonardo Santos Almeida,2003-05-02,Brasil,"DC,MCO",78,23,2026
220814,Lucas Hernández,1996-02-14,Francia,"DFC,LI,MI",81,30,2026
277244,Rafael Marín Zamora,2002-05-19,España,DFC,76,24,2026
78261,Mihajlo Cvetković,2007-01-10,Serbia,"DC,EI,MI",70,19,2026
228618,Ferland Mendy,1995-06-08,Francia,LI,80,31,2026
262027,Tarik Muharemović,2003-02-28,Bosnia-Herz.,DFC,75,23,2026
77126,Wisdom Mike,2008-09-24,Alemania,"MI,EI",61,17,2026
242238,Oumar Solet,2000-02-07,Francia,DFC,78,26,2026
262657,Lucas Stassin,2004-11-29,Bélgica,"DC,MCO",74,21,2026
269728,Jean-Mattéo Bahoya,2005-05-07,Francia,"MI,MCO,EI,MC",76,21,2026
70824,Giovanni Leoni,2006-12-21,Italia,DFC,71,19,2026
277283,Jack Hinshelwood,2005-04-11,Inglaterra,"MCD,MCO,LD,MC",77,21,2026
79821,Juan Cruz Meza,2008-03-14,Argentina,"MC,MD,MCO",67,18,2026
209658,Leon Goretzka,1995-02-06,Alemania,"MCD,MC",81,31,2026
274834,Mats Rots,2006-03-11,Países Bajos,"LI,MC",74,20,2026
232656,Theo Hernández,1997-10-06,Francia,"LI,MI",82,28,2026
257279,Alejandro Baena Rodríguez,2001-07-20,España,"MI,MC,MCO,EI",83,24,2026
272895,Charlie Hughes,2003-10-16,Inglaterra,DFC,74,22,2026
87092,Saba Kharebashvili,2008-09-03,Georgia,LI,67,17,2026
274699,Stefanos Tzimas,2006-01-06,Grecia,DC,73,20,2026
258315,Bright Arrey-Mbi,2003-03-26,Alemania,"DFC,LI",74,23,2026
272500,Carlos Baleba,2004-01-03,Camerún,"MCD,MC",80,22,2026
275050,Kyriani Sabbe,2005-01-26,Bélgica,"LD,LI,MD,MI",72,21,2026
241928,Albert Sambi Lokonga,1999-10-22,Bélgica,"MC,MCD",77,26,2026
75452,Kaye Furo,2007-02-06,Bélgica,DC,65,19,2026
264219,Ernest Poku,2004-01-28,Países Bajos,"MD,ED,MI,EI",76,22,2026
239807,Davide Frattesi,1999-09-22,Italia,"MC,MCO",80,26,2026
234378,Declan Rice,1999-01-14,Inglaterra,"MCD,MC",88,27,2026
260601,Exequiel Zeballos,2002-04-24,Argentina,"EI,ED,MI,MD",76,24,2026
277482,Leo Sauer,2005-12-16,Eslovaquia,"EI,MI",73,20,2026
247888,Sebastiano Esposito,2002-07-02,Italia,"DC,MCO",76,23,2026
188567,Pierre-Emerick Aubameyang,1989-06-18,Gabón,DC,79,37,2026
188335,Ante Budimir,1991-07-22,Croacia,DC,82,34,2026
263620,Roméo Lavia,2004-01-06,Bélgica,"MCD,MC",78,22,2026
215441,Serhou Guirassy,1996-03-12,Guinea,DC,85,30,2026
244067,Maxence Lacroix,2000-04-06,Francia,DFC,82,26,2026
257191,Anton Stach,1998-11-15,Alemania,"MC,MCD",80,27,2026
229261,Denis Zakaria,1996-11-20,Suiza,"MCD,MC,DFC",81,29,2026
276682,Cher Ndour,2004-07-27,Italia,"MC,MCD",72,21,2026
241651,Viktor Gyökeres,1998-06-04,Suecia,DC,86,28,2026
224232,Nicolò Barella,1997-02-07,Italia,"MC,MCD",87,29,2026
263063,James Trafford,2002-10-10,Inglaterra,POR,79,23,2026
255069,Nicolás González Iglesias,2002-01-03,España,"MCD,MC",81,24,2026
254088,Amad Diallo,2002-07-11,Costa de Marfil,"MD,LD,ED",79,23,2026
276694,Johan Manzambi,2005-10-14,Suiza,"MC,MCD,MCO",80,20,2026
279045,Bruno Ogbus,2005-12-17,Suiza,"DFC,LD",72,20,2026
70037,Francis Onyeka,2007-04-29,Alemania,"MCO,DC,MC",70,19,2026
89185,Aleksey Batrakov,2005-06-09,Rusia,"MCO,DC",79,21,2026
271421,Désiré Doué,2005-06-03,Francia,"ED,EI,MC,MD,MI",86,21,2026
74449,Ibrahim Mbaye,2008-01-24,Senegal,"ED,EI,MD,MI",76,18,2026
77636,Karim Coulibaly,2007-05-23,Alemania,DFC,73,19,2026
80202,Kennet Eichhorn,2009-07-27,Alemania,"MCD,MC",68,16,2026
246863,Felix Nmecha,2000-10-10,Alemania,"MC,MCD",85,25,2026
279934,Ian Subiabre,2007-01-01,Argentina,"MI,MD,DC,EI,ED",71,19,2026
70497,Konstantinos Karetsas,2007-11-19,Grecia,"MCO,MD,MC,ED,MCD",76,18,2026
80695,Seny Koumbassa,2007-06-20,Francia,DFC,71,19,2026
158023,Lionel Messi,1987-06-24,Argentina,"MCO,DC,ED,MD",89,39,2026
251570,Rayan Cherki,2003-08-17,Francia,"ED,MD,MCO,MC",86,22,2026
268428,Mio Backhaus,2004-04-16,Alemania,POR,77,22,2026
79399,Gilberto Mora,2008-10-14,México,"MCO,EI,MC,MI",74,17,2026
256948,Christos Tzolis,2002-01-30,Grecia,"EI,MI",82,24,2026
275192,Luka Vušković,2007-02-24,Croacia,DFC,81,19,2026
271741,Patrik Mercado,2003-07-31,Ecuador,"MC,MCD,MI,MCO,EI",74,22,2026
277909,Eli Junior Kroupi,2006-06-23,Francia,"DC,MCO",80,20,2026
71178,Saïd El Mala,2006-08-26,Alemania,"MI,DC,EI,MCO",78,19,2026
80454,Wael Mohya,2008-12-31,Alemania,"MCO,DC",71,17,2026
80696,Alexis Vossah,2008-03-11,Francia,"MCD,MC",72,18,2026
80873,Mathis Albert,2009-05-21,EE.UU.,"MI,MCO,EI,MC",66,17,2026
231443,Ousmane Dembélé,1997-05-15,Francia,"DC,ED,MCO,MD",90,29,2026
246669,Bukayo Saka,2001-09-05,Inglaterra,"ED,MD",87,24,2026
256197,Piero Hincapié,2002-01-09,Ecuador,"LI,DFC",84,24,2026
261050,Francisco Conceição,2002-12-14,Portugal,"MCO,MD,DC,ED",80,23,2026
271266,Givairo Read,2006-06-02,Países Bajos,"LD,MD",76,20,2026
70888,Anan Khalaili,2004-09-03,Israel,"MD,LD,ED",78,21,2026
80170,Wesley Vinícius França Lima,2003-09-06,Brasil,"LI,LD,MI,MD",80,22,2026
260592,Benjamin Šeško,2003-05-31,Eslovenia,DC,82,23,2026
270673,Warren Zaïre-Emery,2006-03-08,Francia,"MC,LD,MCD,MD",83,20,2026
275029,Ibrahim Maza,2005-11-24,Argelia,"MCO,MC,MCD",80,20,2026
278339,Marco Palestra,2005-03-03,Italia,"LD,MD",78,21,2026
73921,Nathan De Cat,2008-07-19,Bélgica,"MCD,MC",71,17,2026
78063,Lennart Karl,2008-02-22,Alemania,"MD,MCO,ED,MC",77,18,2026
211110,Paulo Dybala,1993-11-15,Argentina,"MCO,DC",85,32,2026
226271,Fabián Ruiz Peña,1996-04-03,España,"MC,MCD,MCO",86,30,2026
252371,Jude Bellingham,2003-06-29,Inglaterra,"MCO,MC,MI,DC,MCD,EI",90,23,2026
267991,Máximo Perrone,2003-01-07,Argentina,"MCD,MC",78,23,2026
271132,Gabriel Silva Vieira,2002-03-22,Brasil,"EI,DC,MD,MI,ED",74,24,2026
277427,Nico O'Reilly,2005-03-21,Inglaterra,"LI,MC,MCD",83,21,2026
269136,Kobbie Mainoo,2005-04-19,Inglaterra,"MCD,MC",81,21,2026
269230,Noah Sadiki,2004-12-17,R.D. del Congo,"MCD,MC,MCO",80,21,2026
277432,Patrick Dorgu,2004-10-26,Dinamarca,"MI,LI",78,21,2026
72419,Justin Lerma,2008-05-05,Ecuador,"MCO,MC,MI",66,18,2026
74413,Harrison Armstrong,2007-01-19,Inglaterra,"MC,MCD,MCO",73,19,2026
80376,Rio Ngumoha,2008-08-29,Inglaterra,"MI,EI",75,17,2026
236772,Dominik Szoboszlai,2000-10-25,Hungría,"MCO,LD,MCD,MC,MD",86,25,2026
247635,Khvicha Kvaratskhelia,2001-02-12,Georgia,"EI,ED,MI,MD",89,25,2026
247827,Michael Olise,2001-12-12,Francia,"MD,ED,MCO",90,24,2026
251805,Jurriën Timber,2001-06-17,Países Bajos,"LD,LI,DFC,MD,MI",84,25,2026
254117,Maximilian Beier,2002-10-17,Alemania,"MCO,DC,MI,EI",81,23,2026
256769,Adrien Truffert,2001-11-20,Francia,"LI,MI",80,24,2026
259240,Adam Wharton,2004-02-06,Inglaterra,"MC,MCD",82,22,2026
260952,Andreas Schjelderup,2004-06-01,Noruega,"EI,MI",80,22,2026
262138,Castello Lukeba,2002-12-17,Francia,"DFC,LI",81,23,2026
266245,Nestory Irankunda,2006-02-09,Australia,"MD,DC,MI,ED,EI",70,20,2026
180930,Edin Džeko,1986-03-17,Bosnia-Herz.,DC,78,40,2026
198710,James Rodríguez,1991-07-12,Colombia,"MCO,ED,MC",80,34,2026
210008,Adrien Rabiot,1995-04-03,Francia,"MC,MCD",85,31,2026
210881,John McGinn,1994-10-18,Escocia,"MD,MI,MCO,ED,EI,MC",83,31,2026
227678,Ezri Konsa,1997-10-23,Inglaterra,DFC,84,28,2026
229188,Vangelis Pavlidis,1998-11-21,Grecia,DC,82,27,2026
231281,Trent Alexander-Arnold,1998-10-07,Inglaterra,"LD,MD",84,27,2026
234742,Harvey Barnes,1997-12-09,Inglaterra,"EI,ED,MI,MD",80,28,2026
243014,Bryan Mbeumo,1999-08-07,Camerún,"MD,ED,DC",84,26,2026
243854,Mohamed Simakan,2000-05-03,Francia,"DFC,LD",82,26,2026
246191,Julián Alvarez,2000-01-31,Argentina,"DC,MCO",86,26,2026
251223,Ricardo Pepi,2003-01-09,EE.UU.,DC,78,23,2026
252154,Marco Carnesecchi,2000-07-01,Italia,POR,86,26,2026
258432,Chrislain Matsima,2002-05-15,Francia,DFC,77,24,2026
265188,Giorgio Scalvini,2003-12-11,Italia,DFC,79,22,2026
265459,Tyler Morton,2002-10-31,Inglaterra,"MCD,MC",79,23,2026
266127,Lewis Hall,2004-09-08,Inglaterra,LI,83,21,2026
268889,Álvaro Fernández Carreras,2003-03-23,España,"LI,DFC,MI",81,23,2026
270519,William Osula,2003-08-04,Dinamarca,DC,75,22,2026
270964,Jobe Bellingham,2005-09-23,Inglaterra,"MC,MCD",77,20,2026
272926,Lucas Bergvall,2006-02-02,Suecia,"MC,MCO,MCD",78,20,2026
273028,Mateo Del Blanco,2003-10-31,Argentina,"LI,MI",74,22,2026
275328,Can Uzun,2005-11-11,Turquía,"MCO,MC,DC",78,20,2026
276048,Matias Fernandez-Pardo,2005-02-03,Bélgica,"DC,MI,EI",78,21,2026
277954,Kenan Yıldız,2005-05-04,Turquía,"MCO,MI,DC,EI",84,21,2026
278061,Tidiam Gomis,2006-08-08,Francia,"MI,MD,DC,EI,ED",71,19,2026
279144,Jaden Umeh,2008-03-18,República de Irlanda,"EI,MI",63,18,2026
266895,Nicolò Tresoldi,2004-08-20,Alemania,DC,75,21,2026
241486,Jules Koundé,1998-11-12,Francia,"LD,DFC,MD",85,27,2026
241159,Marc Guéhi,2000-07-13,Inglaterra,DFC,85,25,2026
232293,Victor Osimhen,1998-12-29,Nigeria,DC,85,27,2026
230872,Mile Svilar,1999-08-27,Serbia,POR,85,26,2026
228093,Marcus Thuram,1997-08-06,Francia,DC,85,28,2026
208128,Hakan Çalhanoğlu,1994-02-08,Turquía,"MCD,MC",85,32,2026
204935,Jordan Pickford,1994-03-07,Inglaterra,POR,85,32,2026
246420,Jérémy Doku,2002-05-27,Bélgica,"EI,MI,ED,MD",84,24,2026
236987,Boubacar Kamara,1999-11-23,Francia,"MCD,MC",84,26,2026
200389,Jan Oblak,1993-01-07,Eslovenia,POR,88,33,2026
235073,Gregor Kobel,1997-12-06,Suiza,POR,87,28,2026
215698,Mike Maignan,1995-07-03,Francia,POR,87,30,2026
213331,Jonathan Tah,1996-02-11,Alemania,DFC,87,30,2026
207865,Marcos Aoás Corrêa,1994-05-14,Brasil,DFC,87,32,2026
239580,Gleison Bremer Silva Nascimento,1997-03-18,Brasil,DFC,86,29,2026
237238,Scott McTominay,1996-12-08,Escocia,"MC,MCO,MCD",86,29,2026
